{
  "mae": 2.9269946170079164,
  "rmse": 3.68727042886432,
  "r2": 0.6566077558520745,
  "n_train": 127180,
  "n_test": 31796,
  "baseline_mae": 4.473030959938833
}